tcr,hla_allele
"TRBV6-5*01,CASSYQGTEAFF",HLA-A*02:01
"TRBV6-1*01,CASRTRGGTLIEQYF",HLA-B*35:01
"TRBV30*01,CAWSVSVGAGVPTIYF",HLA-A*24:02
"TRBV4-1*01,CASSPTSGIYEQYF",HLA-A*24:02
"TRBV6-2*01,CASGQGNFDIQYF",HLA-B*08:01
"TRBV6-4*01,CASSLSFGTEAFF",HLA-A*02:01
"TRBV7-9*03,CASSLGFGRDVMRFF",HLA-A*02:01
"TRBV6-5*01,CASRPGLAGGRPEQYF",HLA-A*02:01
"TRBV27*01,CASSGASHEQYF",HLA-A*24:02
"TRBV11-2*01,CASSFTWTSGGATDTQYF",HLA-B*08:01
"TRBV11-2*01,CASSLGQGLLYGYTF",HLA-A*11:01
"not_found,CASSDWVSYEQYF",HLA-A*02:01
"TRBV10-3*01,CAISEVGVGQPQHF",HLA-A*02:01
"TRBV6-5*01,CASSYPGGGFYEQYF",HLA-A*02:01
"TRBV7-3*01,CASSLTGGGELFF",HLA-B*51:01
"TRBV6-1*01,CASSEGLWQVGDEQYFF",HLA-A*02:01
"TRBV6-5*01,CASSYLNRDSALDF",HLA-A*02:01
"TRBV20-1*01,CSARDGTGNGYTF",HLA-A*02:01
"TRBV29-1*01,CSVGGSGGADTQYF",HLA-A*02:01
"TRBV6-5*01,CASREGLGGTEAFF",HLA-B*27:05
"TRBV27*01,CASSIQQGADTQYF",HLA-A*02:01
"TRBV7-6*01,CASSLAPGTTNEKLFF",HLA-A*02:01
"TRBV5-4*01,CASSFRGGKTQYF",HLA-B*35:01
"TRBV27*01,CASSLLGGWSEAFF",HLA-A*02:01
"TRBV4-1*01,CASSQDLFTGGYTF",HLA-B*07:02
"TRBV19*01,CASSMSAMGTEAFF",HLA-B*37:01
"TRBV7-6*01,CASSSPGGVSTEAFF",HLA-A*02:01
"TRBV25-1*01,CASRRGPYEQYF",HLA-A*02:01
"TRBV5-6*01,CASSRTGSTYEQYF",HLA-B*35:08
"TRBV6-5*01,CASSPVTGGIYGYTF",HLA-A*02:01
"TRBV10-3*01,CATGTGDSNQPQHF",HLA-B*35:01
"TRBV5-1*01,CASSLEGGYYNEQFF",HLA-B*35:01
"TRBV19*01,CASSIGVYGYTF",HLA-A*02:01
"TRBV5-6*01,CASSDTVSYEQYF",HLA-A*02:01
"TRBV10-3*01,CAISELVTGDSPLHFF",HLA-A*02:01
"TRBV11-2*01,CASSLRGRGDQPQHF",HLA-B*08:01
"TRBV10-2*01,CASSDPGTEAFFF",HLA-C*08:02
"TRBV12-3*01,CASSRTSPTDTQYFF",HLA-A*02:06
"TRBV19*01,CASSQGLAGAGELFF",HLA-A*02:01
"TRBV6-5*01,CASSYVGNTGELFF",HLA-A*02:01
"TRBV5-1*01,CASSFNMATGQYF",HLA-A*01:01
"TRBV19*01,CASSIFGQREQYF",HLA-A*02:01
"TRBV11-2*01,CASSPLDVSISSYNEQFFF",HLA-A*02:01
"not_found,CASSSRSSYEQYF",HLA-A*02:01
"TRBV7-9*01,CASSSWDTGELFF",HLA-A*24:02
"TRBV9*01,CASSARSGELFF",HLA-B*35:01
"TRBV28*01,CASSQRQEGDTQYF",HLA-B*07:02
"TRBV28*01,CASSFLMSGDPYEQYFF",HLA-A*02:01
"TRBV12-4*01,CASSLWEKLAKNIQYF",HLA-A*02:01
"TRBV6-1*01,CASPGLAGEYEQYF",HLA-B*35:08
"TRBV30*01,CAWSETGLGTGELFF",HLA-A*02:01
"TRBV9*01,CASSGGHTGSNEQFF",HLA-B*07:02
"TRBV7-8*01,CASSLGQAYEQYF",HLA-B*08:01
"TRBV7-2*02,CASSQTQLWETQYF",HLA-A*02:01
