MHC,TRBV,CDR3
HLA-A*02:01,6-5*01,ASRPGLAGGRPEQY
HLA-A*02:01,6-5*01,ASSYPGGGFYEQY
H2-Kb,13-2*01,ASGGGGTLY
H2-Kb,1*01,TCSADRVGNTLY
H2-Kb,1*01,TCSAAPDWGASAETLY
HLA-A*02:01,13-3*01,ASSDWVSYEQY
HLA-B*08:01,7-8*01,ASSLGQAYEQY
HLA-A*02:01,19-01,ASSSRSSYEQY
HLA-B*35:08,6-1*01,ASPGLAGEYEQY
HLA-A*02:01,6-5*01,ASSYVGNTGELF
HLA-E*01:03,14*01,ASSQDRDTQY
HLA-B*35:01,10-3*01,ATGTGDSNQPQH
H2-Ld2,13-2*01,ASGGGGTLY
H2-Kbm8,1*01,TCSADRVGNTLY
HLA-B*44:05,7-9*01,ASRYRDDSYNEQF
HLA-B*08:01,11-2*01,ASSFTWTSGGATDTQY
HLA-A*02:01,6-5*01,ASSPVTGGIYGYT
HLA-A*02:01,30*01,AWSETGLGTGELF
HLA-B*44:05,7-8*01,ASSLGQAYEQY
HLA-B*35:01,9*01,ASSARSGELF
HLA-A*02:01,20-1*01,SARDGTGNGYT
H2-Db,29*01,ASSFGREQY
HLA-A*02:01,6-4*01,ASSLSFGTEAF
HLA-A*02:01,10-3*01,AISEVGVGQPQH
H2-Kb,13-2*01,ASGDFWGDTLY
HLA-B*57:03,19*01,ASTGSYGYT
HLA-B*08:01,6-2*01,ASGQGNFDIQY
HLA-A*02:01,12-4*01,ASSLWEKLAKNIQY
HLA-A*24:02,4-1*01,ASSPTSGIYEQY
HLA-A*24:02,7-9*01,ASSSWDTGELF
HLA-A*24:02,27*01,ASSGASHEQY
HLA-B*27:05,6-5*01,ASREGLGGTEAF
HLA-B*35:08,5-6*01,ASSRTGSTYEQY
HLA-B*51:01,7-3*01,ASSLTGGGELF
HLA-B*35:01,5-1*01,ASSLEGGYYNEQF
HLA-B*08:01,11-2*01,ASSLRGRGDQPQH
H2-Ld2,13-2*01,ASGGGGTLY
HLA-A*02:01,7-2*02,ASSQTQLWETQY
HLA-A*02:01,7-6*01,ASSLAPGTTNEKLF
HLA-A*01:01,5-1*01,ASSFNMATGQY
HLA-A*01:01,5-1*01,ASSFNMATGQY
HLA-A*02:01,12-4*01,ASSLWEKLAKNIQY
HLA-A*02:01,12-4*01,ASSLWEKLAKNIQY
HLA-A*02:01,12-4*01,ASSLWEKLAKNIQY
HLA-A*02:01,12-4*01,ASSLWEKLAKNIQY
HLA-A*02:01,12-4*01,ASSLWEKLAKNIQY
H2-Db,17*01,ASSAGLDAEQY
HLA-E*01:03,9*01,ASSANPGDSSNEKLF
HLA-A*11:01,11-2*01,ASSLGQGLLYGYT
H2-Db,13-3*01,ASSDWGDTGQLY
HLA-B*35:01,6-1*01,ASRTRGGTLIEQY
HLA-A*24:02,30*01,AWSVSVGAGVPTIY
HLA-A*02:01,19*01,ASSIFGQREQY
HLA-A*02:01,19*01,ASSIGVYGYT
HLA-A*02:01,25-1*01,ASRRGPYEQY
HLA-A*02:01,6-5*01,ASSYQGTEAF
HLA-A*02:01,5-6*01,ASSDTVSYEQY
HLA-A*02:01,27*01,ASSLLGGWSEAF
H2-Db,13-3*01,ASSDAGGRNTLY
HLA-A*02:01,19*01,ASSQGLAGAGELF
HLA-A*02:01,25-1*01,ASRRGPYEQY
HLA-A*02:01,6-4*01,ASSLSFGTEAF
HLA-A*02:01,6-4*01,ASSLSFGTEAF
HLA-B*07:02,28*01,ASSQRQEGDTQY
HLA-B*07:02,9*01,ASSGGHTGSNEQF
HLA-B*35:01,5-4*01,ASSFRGGKTQY
HLA-A*02:01,TRGV8*01,ALGELGWDTDKLI
HLA-B*37:01,19*01,ASSMSAMGTEAF
H2-Db,13-3*01,ASSDAGGRNTLY
HLA-A*02:06,12-3*01,ASSRTSPTDTQYF
HLA-A*02:01,11-2*01,ASSPLDVSISSYNEQFF
HLA-A*02:01,6-5*01,ASSYLNRDSALD
HLA-A*02:01,7-9*03,ASSLGFGRDVMRF
HLA-C*08:02,10-2*01,ASSDPGTEAFF
HLA-A*02:01,10-3*01,AISELVTGDSPLHF
HLA-B*07:02,4-1*01,ASSQDLFTGGYT
HLA-A*02:01,7-6*01,ASSSPGGVSTEAF
HLA-A*02:01,29-1*01,SVGGSGGADTQY
HLA-A*02:01,28*01,ASSFLMSGDPYEQYF
HLA-A*02:01,27*01,CASSIQQGADTQYF
HLA-A*02:01,6-1*01,ASSEGLWQVGDEQYF