hla,seq
HLA-DPAB*01:03_01:01,YAFFMGQAFSEGGAILNNNTLQYGQFEYFPAYDIEKAVRVHLDVT
HLA-DPAB*01:03_02:01,YAFFMGQAFSEGGAILNNNTLQFGQFEYFPDYDIEEAVRMHLGMT
HLA-DPAB*01:03_03:01,YAFFMGQAFSEGGAILNNNTLQYLQFEYFPDYDLEKAVRVHLDVT
HLA-DPAB*01:03_04:01,YAFFMGQAFSEGGAILNNNTLQFGQFEYFPAYDIEKAVRMHLGMT
HLA-DPAB*01:03_04:02,YAFFMGQAFSEGGAILNNNTLQFGQFEYFPDYDIEKAVRMHLGMT
HLA-DPAB*01:03_05:01,YAFFMGQAFSEGGAILNNNTLQFGQFEYFPEYDIEKAVRMHLDVT
HLA-DPAB*01:03_10:01,YAFFMGQAFSEGGAILNNNTLQYLQFEYFPDYDIEEAVRVHLDVT
HLA-DPAB*01:03_11:01,YAFFMGQAFSEGGAILNNNTLQYLQFEYFPAYDLERAVRMHLDVT
HLA-DPAB*01:03_13:01,YAFFMGQAFSEGGAILNNNTLQYLQFEYFPAYDIEEAVRIHLDVT
HLA-DPAB*01:03_17:01,YAFFMGQAFSEGGAILNNNTLQYLQFEYFPDYDIEEAVRMHLDVT
HLA-DPAB*02:01_01:01,YAFFQGRAFSEGGAILNNNTLQYGQFEYFPAYDIEKAVRVHLDVT
HLA-DPAB*02:01_02:01,YAFFQGRAFSEGGAILNNNTLQFGQFEYFPDYDIEEAVRMHLGMT
HLA-DPAB*02:01_03:01,YAFFQGRAFSEGGAILNNNTLQYLQFEYFPDYDLEKAVRVHLDVT
HLA-DPAB*02:01_04:01,YAFFQGRAFSEGGAILNNNTLQFGQFEYFPAYDIEKAVRMHLGMT
HLA-DPAB*02:01_04:02,YAFFQGRAFSEGGAILNNNTLQFGQFEYFPDYDIEKAVRMHLGMT
HLA-DPAB*02:01_05:01,YAFFQGRAFSEGGAILNNNTLQFGQFEYFPEYDIEKAVRMHLDVT
HLA-DPAB*02:01_10:01,YAFFQGRAFSEGGAILNNNTLQYLQFEYFPDYDIEEAVRVHLDVT
HLA-DPAB*02:01_11:01,YAFFQGRAFSEGGAILNNNTLQYLQFEYFPAYDLERAVRMHLDVT
HLA-DPAB*02:01_13:01,YAFFQGRAFSEGGAILNNNTLQYLQFEYFPAYDIEEAVRIHLDVT
HLA-DPAB*02:01_17:01,YAFFQGRAFSEGGAILNNNTLQYLQFEYFPDYDIEEAVRMHLDVT
HLA-DPAB*02:02_01:01,YMFFQGRAFSEGGAILNNNTLQYGQFEYFPAYDIEKAVRVHLDVT
HLA-DPAB*02:02_02:01,YMFFQGRAFSEGGAILNNNTLQFGQFEYFPDYDIEEAVRMHLGMT
HLA-DPAB*02:02_03:01,YMFFQGRAFSEGGAILNNNTLQYLQFEYFPDYDLEKAVRVHLDVT
HLA-DPAB*02:02_04:01,YMFFQGRAFSEGGAILNNNTLQFGQFEYFPAYDIEKAVRMHLGMT
HLA-DPAB*02:02_04:02,YMFFQGRAFSEGGAILNNNTLQFGQFEYFPDYDIEKAVRMHLGMT
HLA-DPAB*02:02_05:01,YMFFQGRAFSEGGAILNNNTLQFGQFEYFPEYDIEKAVRMHLDVT
HLA-DPAB*02:02_10:01,YMFFQGRAFSEGGAILNNNTLQYLQFEYFPDYDIEEAVRVHLDVT
HLA-DPAB*02:02_11:01,YMFFQGRAFSEGGAILNNNTLQYLQFEYFPAYDLERAVRMHLDVT
HLA-DPAB*02:02_13:01,YMFFQGRAFSEGGAILNNNTLQYLQFEYFPAYDIEEAVRIHLDVT
HLA-DPAB*02:02_17:01,YMFFQGRAFSEGGAILNNNTLQYLQFEYFPDYDIEEAVRMHLDVT
HLA-DQAB*01:01_02:01,CNYHESKFGGDGARVAKHNIMKYFGLSSFPAYDIRKAARVHLETT
HLA-DQAB*01:01_02:02,CNYHESKFGGDGARVAKHNIMKYFGLSSFPAYDIRKAARVHLETT
HLA-DQAB*01:01_03:01,CNYHESKFGGDGARVAKHNIMKYFAYTYYPDYEVRTAETVHLETT
HLA-DQAB*01:01_03:02,CNYHESKFGGDGARVAKHNIMKYFGLTYYPAYEVRTAETVHLETT
HLA-DQAB*01:01_03:03,CNYHESKFGGDGARVAKHNIMKYFGLTYYPDYEVRTAETVHLETT
HLA-DQAB*01:01_04:02,CNYHESKFGGDGARVAKHNIMKFFGGTYYLDYDIEDASTVHLETT
HLA-DQAB*01:01_05:01,CNYHESKFGGDGARVAKHNIMKYFGGTHYPVYEVGAASRVHVAGI
HLA-DQAB*01:01_05:02,CNYHESKFGGDGARVAKHNIMKYFGGTHYPSYEVGAASRVHVAGI
HLA-DQAB*01:01_05:03,CNYHESKFGGDGARVAKHNIMKYFGGTHYPDYEVGAASRVHVAGI
HLA-DQAB*01:01_06:01,CNYHESKFGGDGARVAKHNIMKLFAYTYYPDYDIRTAETVHVAGI
HLA-DQAB*01:01_06:02,CNYHESKFGGDGARVAKHNIMKFFGLTYYPDYEVGTAETVHVAGI
HLA-DQAB*01:01_06:03,CNYHESKFGGDGARVAKHNIMKYFGLTHYPDYEVGTAETVHVAGI
HLA-DQAB*01:01_06:04,CNYHESKFGGDGARVAKHNIMKYFGLTHYPVYEVRTAETVHVGGI
HLA-DQAB*01:01_06:09,CNYHESKFGGDGARVAKHNIMKYFGLTYYPVYEVRTAETVHVGGI
HLA-DQAB*01:02_02:01,CNYHQSKFGGDGARVAKHNIMKYFGLSSFPAYDIRKAARVHLETT
HLA-DQAB*01:02_02:02,CNYHQSKFGGDGARVAKHNIMKYFGLSSFPAYDIRKAARVHLETT
HLA-DQAB*01:02_03:01,CNYHQSKFGGDGARVAKHNIMKYFAYTYYPDYEVRTAETVHLETT
HLA-DQAB*01:02_03:02,CNYHQSKFGGDGARVAKHNIMKYFGLTYYPAYEVRTAETVHLETT
HLA-DQAB*01:02_03:03,CNYHQSKFGGDGARVAKHNIMKYFGLTYYPDYEVRTAETVHLETT
HLA-DQAB*01:02_04:02,CNYHQSKFGGDGARVAKHNIMKFFGGTYYLDYDIEDASTVHLETT
HLA-DQAB*01:02_05:01,CNYHQSKFGGDGARVAKHNIMKYFGGTHYPVYEVGAASRVHVAGI
HLA-DQAB*01:02_05:02,CNYHQSKFGGDGARVAKHNIMKYFGGTHYPSYEVGAASRVHVAGI
HLA-DQAB*01:02_05:03,CNYHQSKFGGDGARVAKHNIMKYFGGTHYPDYEVGAASRVHVAGI
HLA-DQAB*01:02_06:01,CNYHQSKFGGDGARVAKHNIMKLFAYTYYPDYDIRTAETVHVAGI
HLA-DQAB*01:02_06:02,CNYHQSKFGGDGARVAKHNIMKFFGLTYYPDYEVGTAETVHVAGI
HLA-DQAB*01:02_06:03,CNYHQSKFGGDGARVAKHNIMKYFGLTHYPDYEVGTAETVHVAGI
HLA-DQAB*01:02_06:04,CNYHQSKFGGDGARVAKHNIMKYFGLTHYPVYEVRTAETVHVGGI
HLA-DQAB*01:02_06:09,CNYHQSKFGGDGARVAKHNIMKYFGLTYYPVYEVRTAETVHVGGI
HLA-DQAB*01:03_02:01,CNFHQSKFGGDGARVAKHNIMKYFGLSSFPAYDIRKAARVHLETT
HLA-DQAB*01:03_02:02,CNFHQSKFGGDGARVAKHNIMKYFGLSSFPAYDIRKAARVHLETT
HLA-DQAB*01:03_03:01,CNFHQSKFGGDGARVAKHNIMKYFAYTYYPDYEVRTAETVHLETT
HLA-DQAB*01:03_03:02,CNFHQSKFGGDGARVAKHNIMKYFGLTYYPAYEVRTAETVHLETT
HLA-DQAB*01:03_03:03,CNFHQSKFGGDGARVAKHNIMKYFGLTYYPDYEVRTAETVHLETT
HLA-DQAB*01:03_04:02,CNFHQSKFGGDGARVAKHNIMKFFGGTYYLDYDIEDASTVHLETT
HLA-DQAB*01:03_05:01,CNFHQSKFGGDGARVAKHNIMKYFGGTHYPVYEVGAASRVHVAGI
HLA-DQAB*01:03_05:02,CNFHQSKFGGDGARVAKHNIMKYFGGTHYPSYEVGAASRVHVAGI
HLA-DQAB*01:03_05:03,CNFHQSKFGGDGARVAKHNIMKYFGGTHYPDYEVGAASRVHVAGI
HLA-DQAB*01:03_06:01,CNFHQSKFGGDGARVAKHNIMKLFAYTYYPDYDIRTAETVHVAGI
HLA-DQAB*01:03_06:02,CNFHQSKFGGDGARVAKHNIMKFFGLTYYPDYEVGTAETVHVAGI
HLA-DQAB*01:03_06:03,CNFHQSKFGGDGARVAKHNIMKYFGLTHYPDYEVGTAETVHVAGI
HLA-DQAB*01:03_06:04,CNFHQSKFGGDGARVAKHNIMKYFGLTHYPVYEVRTAETVHVGGI
HLA-DQAB*01:03_06:09,CNFHQSKFGGDGARVAKHNIMKYFGLTYYPVYEVRTAETVHVGGI
HLA-DQAB*01:04_02:01,CNYHESKFGGDGARVAKHNIMKYFGLSSFPAYDIRKAARVHLETT
HLA-DQAB*01:04_02:02,CNYHESKFGGDGARVAKHNIMKYFGLSSFPAYDIRKAARVHLETT
HLA-DQAB*01:04_03:01,CNYHESKFGGDGARVAKHNIMKYFAYTYYPDYEVRTAETVHLETT
HLA-DQAB*01:04_03:02,CNYHESKFGGDGARVAKHNIMKYFGLTYYPAYEVRTAETVHLETT
HLA-DQAB*01:04_03:03,CNYHESKFGGDGARVAKHNIMKYFGLTYYPDYEVRTAETVHLETT
HLA-DQAB*01:04_04:02,CNYHESKFGGDGARVAKHNIMKFFGGTYYLDYDIEDASTVHLETT
HLA-DQAB*01:04_05:01,CNYHESKFGGDGARVAKHNIMKYFGGTHYPVYEVGAASRVHVAGI
HLA-DQAB*01:04_05:02,CNYHESKFGGDGARVAKHNIMKYFGGTHYPSYEVGAASRVHVAGI
HLA-DQAB*01:04_05:03,CNYHESKFGGDGARVAKHNIMKYFGGTHYPDYEVGAASRVHVAGI
HLA-DQAB*01:04_06:01,CNYHESKFGGDGARVAKHNIMKLFAYTYYPDYDIRTAETVHVAGI
HLA-DQAB*01:04_06:02,CNYHESKFGGDGARVAKHNIMKFFGLTYYPDYEVGTAETVHVAGI
HLA-DQAB*01:04_06:03,CNYHESKFGGDGARVAKHNIMKYFGLTHYPDYEVGTAETVHVAGI
HLA-DQAB*01:04_06:04,CNYHESKFGGDGARVAKHNIMKYFGLTHYPVYEVRTAETVHVGGI
HLA-DQAB*01:04_06:09,CNYHESKFGGDGARVAKHNIMKYFGLTYYPVYEVRTAETVHVGGI
HLA-DQAB*01:05_02:01,CNYHESKFGGDGARVAKHNIMKYFGLSSFPAYDIRKAARVHLETT
HLA-DQAB*01:05_02:02,CNYHESKFGGDGARVAKHNIMKYFGLSSFPAYDIRKAARVHLETT
HLA-DQAB*01:05_03:01,CNYHESKFGGDGARVAKHNIMKYFAYTYYPDYEVRTAETVHLETT
HLA-DQAB*01:05_03:02,CNYHESKFGGDGARVAKHNIMKYFGLTYYPAYEVRTAETVHLETT
HLA-DQAB*01:05_03:03,CNYHESKFGGDGARVAKHNIMKYFGLTYYPDYEVRTAETVHLETT
HLA-DQAB*01:05_04:02,CNYHESKFGGDGARVAKHNIMKFFGGTYYLDYDIEDASTVHLETT
HLA-DQAB*01:05_05:01,CNYHESKFGGDGARVAKHNIMKYFGGTHYPVYEVGAASRVHVAGI
HLA-DQAB*01:05_05:02,CNYHESKFGGDGARVAKHNIMKYFGGTHYPSYEVGAASRVHVAGI
HLA-DQAB*01:05_05:03,CNYHESKFGGDGARVAKHNIMKYFGGTHYPDYEVGAASRVHVAGI
HLA-DQAB*01:05_06:01,CNYHESKFGGDGARVAKHNIMKLFAYTYYPDYDIRTAETVHVAGI
HLA-DQAB*01:05_06:02,CNYHESKFGGDGARVAKHNIMKFFGLTYYPDYEVGTAETVHVAGI
HLA-DQAB*01:05_06:03,CNYHESKFGGDGARVAKHNIMKYFGLTHYPDYEVGTAETVHVAGI
HLA-DQAB*01:05_06:04,CNYHESKFGGDGARVAKHNIMKYFGLTHYPVYEVRTAETVHVGGI
HLA-DQAB*01:05_06:09,CNYHESKFGGDGARVAKHNIMKYFGLTYYPVYEVRTAETVHVGGI
HLA-DQAB*02:01_02:01,YNFHEHRLRXDFATVLKHNILKYFGLSSFPAYDIRKAARVHLETT
HLA-DQAB*02:01_02:02,YNFHEHRLRXDFATVLKHNILKYFGLSSFPAYDIRKAARVHLETT
HLA-DQAB*02:01_03:01,YNFHEHRLRXDFATVLKHNILKYFAYTYYPDYEVRTAETVHLETT
HLA-DQAB*02:01_03:02,YNFHEHRLRXDFATVLKHNILKYFGLTYYPAYEVRTAETVHLETT
HLA-DQAB*02:01_03:03,YNFHEHRLRXDFATVLKHNILKYFGLTYYPDYEVRTAETVHLETT
HLA-DQAB*02:01_04:02,YNFHEHRLRXDFATVLKHNILKFFGGTYYLDYDIEDASTVHLETT
HLA-DQAB*02:01_05:01,YNFHEHRLRXDFATVLKHNILKYFGGTHYPVYEVGAASRVHVAGI
HLA-DQAB*02:01_05:02,YNFHEHRLRXDFATVLKHNILKYFGGTHYPSYEVGAASRVHVAGI
HLA-DQAB*02:01_05:03,YNFHEHRLRXDFATVLKHNILKYFGGTHYPDYEVGAASRVHVAGI
HLA-DQAB*02:01_06:01,YNFHEHRLRXDFATVLKHNILKLFAYTYYPDYDIRTAETVHVAGI
HLA-DQAB*02:01_06:02,YNFHEHRLRXDFATVLKHNILKFFGLTYYPDYEVGTAETVHVAGI
HLA-DQAB*02:01_06:03,YNFHEHRLRXDFATVLKHNILKYFGLTHYPDYEVGTAETVHVAGI
HLA-DQAB*02:01_06:04,YNFHEHRLRXDFATVLKHNILKYFGLTHYPVYEVRTAETVHVGGI
HLA-DQAB*02:01_06:09,YNFHEHRLRXDFATVLKHNILKYFGLTYYPVYEVRTAETVHVGGI
HLA-DQAB*03:01_02:01,YNYHERRFRRDFATVLKHNIVKYFGLSSFPAYDIRKAARVHLETT
HLA-DQAB*03:01_02:02,YNYHERRFRRDFATVLKHNIVKYFGLSSFPAYDIRKAARVHLETT
HLA-DQAB*03:01_03:01,YNYHERRFRRDFATVLKHNIVKYFAYTYYPDYEVRTAETVHLETT
HLA-DQAB*03:01_03:02,YNYHERRFRRDFATVLKHNIVKYFGLTYYPAYEVRTAETVHLETT
HLA-DQAB*03:01_03:03,YNYHERRFRRDFATVLKHNIVKYFGLTYYPDYEVRTAETVHLETT
HLA-DQAB*03:01_04:02,YNYHERRFRRDFATVLKHNIVKFFGGTYYLDYDIEDASTVHLETT
HLA-DQAB*03:01_05:01,YNYHERRFRRDFATVLKHNIVKYFGGTHYPVYEVGAASRVHVAGI
HLA-DQAB*03:01_05:02,YNYHERRFRRDFATVLKHNIVKYFGGTHYPSYEVGAASRVHVAGI
HLA-DQAB*03:01_05:03,YNYHERRFRRDFATVLKHNIVKYFGGTHYPDYEVGAASRVHVAGI
HLA-DQAB*03:01_06:01,YNYHERRFRRDFATVLKHNIVKLFAYTYYPDYDIRTAETVHVAGI
HLA-DQAB*03:01_06:02,YNYHERRFRRDFATVLKHNIVKFFGLTYYPDYEVGTAETVHVAGI
HLA-DQAB*03:01_06:03,YNYHERRFRRDFATVLKHNIVKYFGLTHYPDYEVGTAETVHVAGI
HLA-DQAB*03:01_06:04,YNYHERRFRRDFATVLKHNIVKYFGLTHYPVYEVRTAETVHVGGI
HLA-DQAB*03:01_06:09,YNYHERRFRRDFATVLKHNIVKYFGLTYYPVYEVRTAETVHVGGI
HLA-DQAB*03:02_02:01,YNYHERRFRRDFATVLKHNIVKYFGLSSFPAYDIRKAARVHLETT
HLA-DQAB*03:02_02:02,YNYHERRFRRDFATVLKHNIVKYFGLSSFPAYDIRKAARVHLETT
HLA-DQAB*03:02_03:01,YNYHERRFRRDFATVLKHNIVKYFAYTYYPDYEVRTAETVHLETT
HLA-DQAB*03:02_03:02,YNYHERRFRRDFATVLKHNIVKYFGLTYYPAYEVRTAETVHLETT
HLA-DQAB*03:02_03:03,YNYHERRFRRDFATVLKHNIVKYFGLTYYPDYEVRTAETVHLETT
HLA-DQAB*03:02_04:02,YNYHERRFRRDFATVLKHNIVKFFGGTYYLDYDIEDASTVHLETT
HLA-DQAB*03:02_05:01,YNYHERRFRRDFATVLKHNIVKYFGGTHYPVYEVGAASRVHVAGI
HLA-DQAB*03:02_05:02,YNYHERRFRRDFATVLKHNIVKYFGGTHYPSYEVGAASRVHVAGI
HLA-DQAB*03:02_05:03,YNYHERRFRRDFATVLKHNIVKYFGGTHYPDYEVGAASRVHVAGI
HLA-DQAB*03:02_06:01,YNYHERRFRRDFATVLKHNIVKLFAYTYYPDYDIRTAETVHVAGI
HLA-DQAB*03:02_06:02,YNYHERRFRRDFATVLKHNIVKFFGLTYYPDYEVGTAETVHVAGI
HLA-DQAB*03:02_06:03,YNYHERRFRRDFATVLKHNIVKYFGLTHYPDYEVGTAETVHVAGI
HLA-DQAB*03:02_06:04,YNYHERRFRRDFATVLKHNIVKYFGLTHYPVYEVRTAETVHVGGI
HLA-DQAB*03:02_06:09,YNYHERRFRRDFATVLKHNIVKYFGLTYYPVYEVRTAETVHVGGI
HLA-DQAB*03:03_02:01,YNYHERRFRRDFATVLKHNIVKYFGLSSFPAYDIRKAARVHLETT
HLA-DQAB*03:03_02:02,YNYHERRFRRDFATVLKHNIVKYFGLSSFPAYDIRKAARVHLETT
HLA-DQAB*03:03_03:01,YNYHERRFRRDFATVLKHNIVKYFAYTYYPDYEVRTAETVHLETT
HLA-DQAB*03:03_03:02,YNYHERRFRRDFATVLKHNIVKYFGLTYYPAYEVRTAETVHLETT
HLA-DQAB*03:03_03:03,YNYHERRFRRDFATVLKHNIVKYFGLTYYPDYEVRTAETVHLETT
HLA-DQAB*03:03_04:02,YNYHERRFRRDFATVLKHNIVKFFGGTYYLDYDIEDASTVHLETT
HLA-DQAB*03:03_05:01,YNYHERRFRRDFATVLKHNIVKYFGGTHYPVYEVGAASRVHVAGI
HLA-DQAB*03:03_05:02,YNYHERRFRRDFATVLKHNIVKYFGGTHYPSYEVGAASRVHVAGI
HLA-DQAB*03:03_05:03,YNYHERRFRRDFATVLKHNIVKYFGGTHYPDYEVGAASRVHVAGI
HLA-DQAB*03:03_06:01,YNYHERRFRRDFATVLKHNIVKLFAYTYYPDYDIRTAETVHVAGI
HLA-DQAB*03:03_06:02,YNYHERRFRRDFATVLKHNIVKFFGLTYYPDYEVGTAETVHVAGI
HLA-DQAB*03:03_06:03,YNYHERRFRRDFATVLKHNIVKYFGLTHYPDYEVGTAETVHVAGI
HLA-DQAB*03:03_06:04,YNYHERRFRRDFATVLKHNIVKYFGLTHYPVYEVRTAETVHVGGI
HLA-DQAB*03:03_06:09,YNYHERRFRRDFATVLKHNIVKYFGLTYYPVYEVRTAETVHVGGI
HLA-DQAB*04:01_02:01,YNYHQRQFRXDFATVTKHNILKYFGLSSFPAYDIRKAARVHLETT
HLA-DQAB*04:01_02:02,YNYHQRQFRXDFATVTKHNILKYFGLSSFPAYDIRKAARVHLETT
HLA-DQAB*04:01_03:01,YNYHQRQFRXDFATVTKHNILKYFAYTYYPDYEVRTAETVHLETT
HLA-DQAB*04:01_03:02,YNYHQRQFRXDFATVTKHNILKYFGLTYYPAYEVRTAETVHLETT
HLA-DQAB*04:01_03:03,YNYHQRQFRXDFATVTKHNILKYFGLTYYPDYEVRTAETVHLETT
HLA-DQAB*04:01_04:02,YNYHQRQFRXDFATVTKHNILKFFGGTYYLDYDIEDASTVHLETT
HLA-DQAB*04:01_05:01,YNYHQRQFRXDFATVTKHNILKYFGGTHYPVYEVGAASRVHVAGI
HLA-DQAB*04:01_05:02,YNYHQRQFRXDFATVTKHNILKYFGGTHYPSYEVGAASRVHVAGI
HLA-DQAB*04:01_05:03,YNYHQRQFRXDFATVTKHNILKYFGGTHYPDYEVGAASRVHVAGI
HLA-DQAB*04:01_06:01,YNYHQRQFRXDFATVTKHNILKLFAYTYYPDYDIRTAETVHVAGI
HLA-DQAB*04:01_06:02,YNYHQRQFRXDFATVTKHNILKFFGLTYYPDYEVGTAETVHVAGI
HLA-DQAB*04:01_06:03,YNYHQRQFRXDFATVTKHNILKYFGLTHYPDYEVGTAETVHVAGI
HLA-DQAB*04:01_06:04,YNYHQRQFRXDFATVTKHNILKYFGLTHYPVYEVRTAETVHVGGI
HLA-DQAB*04:01_06:09,YNYHQRQFRXDFATVTKHNILKYFGLTYYPVYEVRTAETVHVGGI
HLA-DQAB*05:01_02:01,YNYHQRQFRXDFATVLKHNSLKYFGLSSFPAYDIRKAARVHLETT
HLA-DQAB*05:01_02:02,YNYHQRQFRXDFATVLKHNSLKYFGLSSFPAYDIRKAARVHLETT
HLA-DQAB*05:01_03:01,YNYHQRQFRXDFATVLKHNSLKYFAYTYYPDYEVRTAETVHLETT
HLA-DQAB*05:01_03:02,YNYHQRQFRXDFATVLKHNSLKYFGLTYYPAYEVRTAETVHLETT
HLA-DQAB*05:01_03:03,YNYHQRQFRXDFATVLKHNSLKYFGLTYYPDYEVRTAETVHLETT
HLA-DQAB*05:01_04:02,YNYHQRQFRXDFATVLKHNSLKFFGGTYYLDYDIEDASTVHLETT
HLA-DQAB*05:01_05:01,YNYHQRQFRXDFATVLKHNSLKYFGGTHYPVYEVGAASRVHVAGI
HLA-DQAB*05:01_05:02,YNYHQRQFRXDFATVLKHNSLKYFGGTHYPSYEVGAASRVHVAGI
HLA-DQAB*05:01_05:03,YNYHQRQFRXDFATVLKHNSLKYFGGTHYPDYEVGAASRVHVAGI
HLA-DQAB*05:01_06:01,YNYHQRQFRXDFATVLKHNSLKLFAYTYYPDYDIRTAETVHVAGI
HLA-DQAB*05:01_06:02,YNYHQRQFRXDFATVLKHNSLKFFGLTYYPDYEVGTAETVHVAGI
HLA-DQAB*05:01_06:03,YNYHQRQFRXDFATVLKHNSLKYFGLTHYPDYEVGTAETVHVAGI
HLA-DQAB*05:01_06:04,YNYHQRQFRXDFATVLKHNSLKYFGLTHYPVYEVRTAETVHVGGI
HLA-DQAB*05:01_06:09,YNYHQRQFRXDFATVLKHNSLKYFGLTYYPVYEVRTAETVHVGGI
HLA-DQAB*05:05_02:01,YNYHQRQFRXDFATVLKHNSLKYFGLSSFPAYDIRKAARVHLETT
HLA-DQAB*05:05_02:02,YNYHQRQFRXDFATVLKHNSLKYFGLSSFPAYDIRKAARVHLETT
HLA-DQAB*05:05_03:01,YNYHQRQFRXDFATVLKHNSLKYFAYTYYPDYEVRTAETVHLETT
HLA-DQAB*05:05_03:02,YNYHQRQFRXDFATVLKHNSLKYFGLTYYPAYEVRTAETVHLETT
HLA-DQAB*05:05_03:03,YNYHQRQFRXDFATVLKHNSLKYFGLTYYPDYEVRTAETVHLETT
HLA-DQAB*05:05_04:02,YNYHQRQFRXDFATVLKHNSLKFFGGTYYLDYDIEDASTVHLETT
HLA-DQAB*05:05_05:01,YNYHQRQFRXDFATVLKHNSLKYFGGTHYPVYEVGAASRVHVAGI
HLA-DQAB*05:05_05:02,YNYHQRQFRXDFATVLKHNSLKYFGGTHYPSYEVGAASRVHVAGI
HLA-DQAB*05:05_05:03,YNYHQRQFRXDFATVLKHNSLKYFGGTHYPDYEVGAASRVHVAGI
HLA-DQAB*05:05_06:01,YNYHQRQFRXDFATVLKHNSLKLFAYTYYPDYDIRTAETVHVAGI
HLA-DQAB*05:05_06:02,YNYHQRQFRXDFATVLKHNSLKFFGLTYYPDYEVGTAETVHVAGI
HLA-DQAB*05:05_06:03,YNYHQRQFRXDFATVLKHNSLKYFGLTHYPDYEVGTAETVHVAGI
HLA-DQAB*05:05_06:04,YNYHQRQFRXDFATVLKHNSLKYFGLTHYPVYEVRTAETVHVGGI
HLA-DQAB*05:05_06:09,YNYHQRQFRXDFATVLKHNSLKYFGLTYYPVYEVRTAETVHVGGI
HLA-DQAB*06:01_02:01,YNFHQRQFRXDFATVTKHNILKYFGLSSFPAYDIRKAARVHLETT
HLA-DQAB*06:01_02:02,YNFHQRQFRXDFATVTKHNILKYFGLSSFPAYDIRKAARVHLETT
HLA-DQAB*06:01_03:01,YNFHQRQFRXDFATVTKHNILKYFAYTYYPDYEVRTAETVHLETT
HLA-DQAB*06:01_03:02,YNFHQRQFRXDFATVTKHNILKYFGLTYYPAYEVRTAETVHLETT
HLA-DQAB*06:01_03:03,YNFHQRQFRXDFATVTKHNILKYFGLTYYPDYEVRTAETVHLETT
HLA-DQAB*06:01_04:02,YNFHQRQFRXDFATVTKHNILKFFGGTYYLDYDIEDASTVHLETT
HLA-DQAB*06:01_05:01,YNFHQRQFRXDFATVTKHNILKYFGGTHYPVYEVGAASRVHVAGI
HLA-DQAB*06:01_05:02,YNFHQRQFRXDFATVTKHNILKYFGGTHYPSYEVGAASRVHVAGI
HLA-DQAB*06:01_05:03,YNFHQRQFRXDFATVTKHNILKYFGGTHYPDYEVGAASRVHVAGI
HLA-DQAB*06:01_06:01,YNFHQRQFRXDFATVTKHNILKLFAYTYYPDYDIRTAETVHVAGI
HLA-DQAB*06:01_06:02,YNFHQRQFRXDFATVTKHNILKFFGLTYYPDYEVGTAETVHVAGI
HLA-DQAB*06:01_06:03,YNFHQRQFRXDFATVTKHNILKYFGLTHYPDYEVGTAETVHVAGI
HLA-DQAB*06:01_06:04,YNFHQRQFRXDFATVTKHNILKYFGLTHYPVYEVRTAETVHVGGI
HLA-DQAB*06:01_06:09,YNFHQRQFRXDFATVTKHNILKYFGLTYYPVYEVRTAETVHVGGI
HLA-DRB1*01:01,QEFFIGRFASEGAAVDKAEIMKWLFLECYPDYDLQRAATYHVGFT
HLA-DRB1*01:02,QEFFIGRFASEGAAVDKAEIMKWLFLECYPDYDLQRAATYHAVFT
HLA-DRB1*01:03,QEFFIGRFASEGAAVDKAEIMKWLFLECYPDYDIDEAATYHVGFT
HLA-DRB1*03:01,QEFFIGRFASEGAAVDKAEIMKESSYDYFPDYDLQKGRNYHVVFT
HLA-DRB1*04:01,QEFFIGRFASEGAAVDKAEIMKEVHFDYYPDYDLQKAATYHVGFT
HLA-DRB1*04:02,QEFFIGRFASEGAAVDKAEIMKEVHFDYYPDYDIDEAATYHVVFT
HLA-DRB1*04:03,QEFFIGRFASEGAAVDKAEIMKEVHFDYYPDYDLQRAETYHVVFT
HLA-DRB1*04:04,QEFFIGRFASEGAAVDKAEIMKEVHFDYYPDYDLQRAATYHVVFT
HLA-DRB1*04:05,QEFFIGRFASEGAAVDKAEIMKEVHFDYYPSYDLQRAATYHVGFT
HLA-DRB1*04:07,QEFFIGRFASEGAAVDKAEIMKEVHFDYYPDYDLQRAETYHVGFT
HLA-DRB1*04:08,QEFFIGRFASEGAAVDKAEIMKEVHFDYYPDYDLQRAATYHVGFT
HLA-DRB1*07:01,QEFFIGRFASEGAAVDKAEIMKWGYFELYPVSDIDRGQTVHVGFT
HLA-DRB1*08:01,QEFFIGRFASEGAAVDKAEIMKESGFDYYPSYDFDRALTYHVGFT
HLA-DRB1*08:02,QEFFIGRFASEGAAVDKAEIMKESGFDYYPDYDFDRALTYHVGFT
HLA-DRB1*08:03,QEFFIGRFASEGAAVDKAEIMKESGFDYYPSYDIDRALTYHVGFT
HLA-DRB1*08:04,QEFFIGRFASEGAAVDKAEIMKESGFDYYPDYDFDRALTYHVVFT
HLA-DRB1*09:01,QEFFIGRFASEGAAVDKAEIMKKDFYHGYPVSDFRRAETVHVGFT
HLA-DRB1*10:01,QEFFIGRFASEGAAVDKAEIMKEVFLERYPDYDLRRAATYHVGFT
HLA-DRB1*11:01,QEFFIGRFASEGAAVDKAEIMKESSFDYFPDYDFDRAATYHVGFT
HLA-DRB1*11:02,QEFFIGRFASEGAAVDKAEIMKESSFDYFPDYDIDEAATYHVVFT
HLA-DRB1*11:03,QEFFIGRFASEGAAVDKAEIMKESSFDYFPDYDFDEAATYHVVFT
HLA-DRB1*11:04,QEFFIGRFASEGAAVDKAEIMKESSFDYFPDYDFDRAATYHVVFT
HLA-DRB1*12:01,QEFFIGRFASEGAAVDKAEIMKESGLEHFPVSDIDRAATYHAVFT
HLA-DRB1*12:02,QEFFIGRFASEGAAVDKAEIMKESGLEHFPVSDFDRAATYHAVFT
HLA-DRB1*13:01,QEFFIGRFASEGAAVDKAEIMKESSFDYFPDYDIDEAATYHVVFT
HLA-DRB1*13:02,QEFFIGRFASEGAAVDKAEIMKESSFDYFPDYDIDEAATYHVGFT
HLA-DRB1*13:03,QEFFIGRFASEGAAVDKAEIMKESSFDYYPSYDIDKAATYHVGFT
HLA-DRB1*13:05,QEFFIGRFASEGAAVDKAEIMKESSFDYFPDYDFDRAATYHVGFT
HLA-DRB1*14:01,QEFFIGRFASEGAAVDKAEIMKESSFDYYPAHDLRRAETYHVVFT
HLA-DRB1*14:02,QEFFIGRFASEGAAVDKAEIMKESSFEYYPDYDLQRAATYHVGFT
HLA-DRB1*14:04,QEFFIGRFASEGAAVDKAEIMKESGFDYYPAHDLRRAETYHVVFT
HLA-DRB1*14:07,QEFFIGRFASEGAAVDKAEIMKESSFDYYPAHDLRRAETYHVGFT
HLA-DRB1*14:54,QEFFIGRFASEGAAVDKAEIMKESSFDYYPAHDLRRAETYHVVFT
HLA-DRB1*15:01,QEFFIGRFASEGAAVDKAEIMKWPRFDYFPDYDIQAAATYHVVFT
HLA-DRB1*15:02,QEFFIGRFASEGAAVDKAEIMKWPRFDYFPDYDIQAAATYHVGFT
HLA-DRB1*15:03,QEFFIGRFASEGAAVDKAEIMKWPRFDHFPDYDIQAAATYHVVFT
HLA-DRB1*16:01,QEFFIGRFASEGAAVDKAEIMKWPRFDYYPDYDFDRAATYHVGFT
HLA-DRB1*16:02,QEFFIGRFASEGAAVDKAEIMKWPRFDYYPDYDLDRAATYHVGFT
