"tcr","hla_allele","ave"
"TRBV6-5*01,CASSYQGTEAFF","HLA-A*02:01",0.263005509541836
"TRBV6-1*01,CASRTRGGTLIEQYF","HLA-B*35:01",0.98688739836216
"TRBV30*01,CAWSVSVGAGVPTIYF","HLA-A*24:02",0.872927110642195
"TRBV4-1*01,CASSPTSGIYEQYF","HLA-A*24:02",0.968391337990761
"TRBV6-2*01,CASGQGNFDIQYF","HLA-B*08:01",0.68819570466876
"TRBV6-4*01,CASSLSFGTEAFF","HLA-A*02:01",0.698636733740568
"TRBV7-9*03,CASSLGFGRDVMRFF","HLA-A*02:01",0.545304880803451
"TRBV6-5*01,CASRPGLAGGRPEQYF","HLA-A*02:01",0.979387685656548
"TRBV27*01,CASSGASHEQYF","HLA-A*24:02",0.267940133903176
"TRBV11-2*01,CASSFTWTSGGATDTQYF","HLA-B*08:01",0.799975128099322
"TRBV11-2*01,CASSLGQGLLYGYTF","HLA-A*11:01",0.591908645629883
"not_found,CASSDWVSYEQYF","HLA-A*02:01",0.794383616745472
"TRBV10-3*01,CAISEVGVGQPQHF","HLA-A*02:01",0.48275991640985
"TRBV6-5*01,CASSYPGGGFYEQYF","HLA-A*02:01",0.779014638066292
"TRBV7-3*01,CASSLTGGGELFF","HLA-B*51:01",0.173458488495089
"TRBV6-1*01,CASSEGLWQVGDEQYFF","HLA-A*02:01",0.975983825325966
"TRBV6-5*01,CASSYLNRDSALDF","HLA-A*02:01",0.321322043919463
"TRBV20-1*01,CSARDGTGNGYTF","HLA-A*02:01",0.587235160917044
"TRBV29-1*01,CSVGGSGGADTQYF","HLA-A*02:01",0.759382213652134
"TRBV6-5*01,CASREGLGGTEAFF","HLA-B*27:05",0.273961567180231
"TRBV27*01,CASSIQQGADTQYF","HLA-A*02:01",0.586640118807554
"TRBV7-6*01,CASSLAPGTTNEKLFF","HLA-A*02:01",0.754937983863056
"TRBV5-4*01,CASSFRGGKTQYF","HLA-B*35:01",0.373166749448865
"TRBV27*01,CASSLLGGWSEAFF","HLA-A*02:01",0.576465897262096
"TRBV4-1*01,CASSQDLFTGGYTF","HLA-B*07:02",0.736763532459736
"TRBV19*01,CASSMSAMGTEAFF","HLA-B*37:01",0.527730675786734
"TRBV7-6*01,CASSSPGGVSTEAFF","HLA-A*02:01",0.786950588971376
"TRBV25-1*01,CASRRGPYEQYF","HLA-A*02:01",0.214137220964767
"TRBV5-6*01,CASSRTGSTYEQYF","HLA-B*35:08",0.28879329059273
"TRBV6-5*01,CASSPVTGGIYGYTF","HLA-A*02:01",0.698948003491387
"TRBV10-3*01,CATGTGDSNQPQHF","HLA-B*35:01",0.993963280320168
"TRBV5-1*01,CASSLEGGYYNEQFF","HLA-B*35:01",0.461163813620806
"TRBV19*01,CASSIGVYGYTF","HLA-A*02:01",0.874429854750633
"TRBV5-6*01,CASSDTVSYEQYF","HLA-A*02:01",0.324184818193316
"TRBV10-3*01,CAISELVTGDSPLHFF","HLA-A*02:01",0.998558190464973
"TRBV11-2*01,CASSLRGRGDQPQHF","HLA-B*08:01",0.374766758456826
"TRBV10-2*01,CASSDPGTEAFFF","HLA-C*08:02",0.269825139175373
"TRBV12-3*01,CASSRTSPTDTQYFF","HLA-A*02:06",0.799036205559969
"TRBV19*01,CASSQGLAGAGELFF","HLA-A*02:01",0.623737656697631
"TRBV6-5*01,CASSYVGNTGELFF","HLA-A*02:01",0.28761872369796
"TRBV5-1*01,CASSFNMATGQYF","HLA-A*01:01",0.799464784190059
"TRBV19*01,CASSIFGQREQYF","HLA-A*02:01",0.551318190991879
"TRBV11-2*01,CASSPLDVSISSYNEQFFF","HLA-A*02:01",0.449145183409564
"not_found,CASSSRSSYEQYF","HLA-A*02:01",0.477263793861493
"TRBV7-9*01,CASSSWDTGELFF","HLA-A*24:02",0.509533992782235
"TRBV9*01,CASSARSGELFF","HLA-B*35:01",0.845999556779861
"TRBV28*01,CASSQRQEGDTQYF","HLA-B*07:02",0.69632773399353
"TRBV28*01,CASSFLMSGDPYEQYFF","HLA-A*02:01",0.993119570612907
"TRBV12-4*01,CASSLWEKLAKNIQYF","HLA-A*02:01",0.999883559346199
"TRBV6-1*01,CASPGLAGEYEQYF","HLA-B*35:08",0.980919322371483
"TRBV30*01,CAWSETGLGTGELFF","HLA-A*02:01",0.33755226401845
"TRBV9*01,CASSGGHTGSNEQFF","HLA-B*07:02",0.826669356226921
"TRBV7-8*01,CASSLGQAYEQYF","HLA-B*08:01",0.931341236829758
"TRBV7-2*02,CASSQTQLWETQYF","HLA-A*02:01",0.32027599606663
