name,seq
HLA-B08:01,YDSEYRNIFTNTDESNLYLSYNYYTWAVDAYTWY
HLA-A24:02,YSAMYEEKVAHTDENIAYLMFHYYTWAVQAYTGY
HLA-A24:03,YSAMYEEKVAHTDENIAYLMFHYYTWAVQAYTWY
HLA-B38:02,YYSEYRNICTNTYENTAYLRYNFYTWAVLTYTWY
HLA-B51:01,YYATYRNIFTNTYENIAYWTYNYYTWAELAYLWH
HLA-B57:01,YYAMYGENMASTYENIAYIVYDSYTWAVLAYLWY
HLA-A23:01,YSAMYEEKVAHTDENIAYLMFHYYTWAVLAYTGY
HLA-B15:17,YYAMYRENMASTYENIAYLRYHDYTWAELAYLWY
HLA-B50:01,YHTKYREISTNTYESNLYWRYNLYTWAELAYLWY
HLA-B07:05,YYSEYRNIYAQTDESNLYLSYNYYTWAERAYEWY
HLA-B07:02,YYSEYRNIYAQTDESNLYLSYDYYTWAERAYEWY
HLA-A68:01,YYAMYRNNVAQTDVDTLYIMYRDYTWAVWAYTWY
HLA-A68:02,YYAMYRNNVAQTDVDTLYIRYHYYTWAVWAYTWY
HLA-A32:01,YFAMYQENVAHTDESIAYIMYQDYTWAVLAYTWY
HLA-B40:06,YHTKYREISTNTYESNLYWTYNYYTWAVLAYEWY
HLA-B44:02,YYTKYREISTNTYENTAYIRYDDYTWAVDAYLSY
HLA-B13:02,YYTMYREISTNTYENTAYWTYNLYTWAVLAYEWY
HLA-B18:01,YHSTYRNISTNTYESNLYLRYDSYTWAVLAYTWH
HLA-B35:02,YYATYRNIFTNTYESNLYIRYNYYTWAVLAYLWY
HLA-B49:01,YHTKYREISTNTYENIAYWRYNLYTWAELAYLWY
HLA-C15:02,YYAGYRENYRQTDVNKLYIRYDLYTWAELAYTWY
HLA-B38:01,YYSEYRNICTNTYENIAYLRYNFYTWAVLTYTWY
HLA-C07:01,YDSGYRENYRQADVSNLYLRYDSYTLAALAYTWY
HLA-C07:02,YDSGYREKYRQADVSNLYLRSDSYTLAALAYTWY
HLA-C07:04,YDSGYREKYRQADVSNLYFRYDFYTLAADAYTWY
HLA-C08:02,YYAGYREKYRQTDVSNLYLRYNFYTWAERAYTWY
HLA-C08:03,YYAGYREKYRQTDVSNLYLRYNFYTWATLAYTWY
HLA-C01:02,YFSGYREKYRQTDVSNLYLWCDYYTWAERAYTWY
HLA-C04:01,YSAGYREKYRQADVNKLYLRFNFYTWAERAYTWY
HLA-A26:01,YYAMYRNNVAHTDANTLYIRYQDYTWAEWAYRWY
HLA-B35:08,YYATYRNIFTNTYESNLYIRYDSYTWAVRAYLWY
HLA-B35:03,YYATYRNIFTNTYESNLYIRYDFYTWAVLAYLWY
HLA-B15:03,YYSEYREISTNTYESNLYLRYDSYTWAELAYLWY
HLA-B15:01,YYAMYREISTNTYESNLYLRYDSYTWAEWAYLWY
HLA-B15:07,YYAMYREISTNTYESNLYLSYDSYTWAEWAYLWY
HLA-A11:01,YYAMYQENVAQTDVDTLYIIYRDYTWAAQAYRWY
HLA-C15:05,YYAGYRENYRQTDVNKLYIRYDFYTWAELAYTWY
HLA-A30:01,YSAMYQENVAQTDVDTLYIIYEHYTWAWLAYTWY
HLA-A30:02,YSAMYQENVAHTDENTLYIIYEHYTWARLAYTWY
HLA-A03:02,YFAMYQENVAQTDVDTLYIIYRDYTWAVQAYTWY
HLA-C05:01,YYAGYREKYRQTDVNKLYLRYNFYTWAERAYTWY
HLA-B14:01,YYSEYRNICTNTDESNLYLWYNFYTWAELAYTWH
HLA-B14:02,YYSEYRNICTNTDESNLYLWYNFYTWAELAYTWH
HLA-A01:01,YFAMYQENMAHTDANTLYIIYRDYTWVARVYRGY
HLA-A03:01,YFAMYQENVAQTDVDTLYIIYRDYTWAELAYTWY
HLA-B41:02,YHTKYREISTNTYESNLYLSYNYYTWAVDAYTWY
HLA-B41:01,YHTKYREISTNTYESNLYWRYNYYTWAVDAYTWY
HLA-B15:18,YYSEYRNICTNTYESNLYLRYDSYTWAELAYLWY
HLA-B53:01,YYATYRNIFTNTYENIAYIRYDSYTWAVLAYLWY
HLA-C17:01,YYAGYREKYRQADVNKLYIRYNFYSLAELAYEWY
HLA-A02:05,YYAMYGEKVAHTHVDTLYLRYHYYTWAVWAYTWY
HLA-A02:06,YYAMYGEKVAHTHVDTLYVRYHYYTWAVLAYTWY
HLA-A02:01,YFAMYGEKVAHTHVDTLYVRYHYYTWAVLAYTWY
HLA-C03:04,YYAGYREKYRQTDVSNLYIRYDYYTWAELAYLWY
HLA-B45:01,YHTKYREISTNTYESNLYWRYNLYTWAVDAYLSY
HLA-C03:02,YYAGYREKYRQTDVSNLYLRYDSYTWAELAYLWY
HLA-A34:01,YYAMYRNKVAQTDVDTLYIRYQDYTWAEWAYTWY
HLA-C06:02,YDSGYREKYRQADVNKLYLWYDSYTWAEWAYTWY
HLA-A66:01,YYAMYRNNVAQTDVDTLYIRYQDYTWAEWAYRWY
HLA-A33:03,YTAMYRNNVAHIDVDTLYIMYQDYTWAVLAYTWY
HLA-B55:01,YYAEYRNIYAQTDESNLYWTYNLYTWAELAYTWY
HLA-B39:01,YYSEYRNICTNTDESNLYLRYNFYTWAVLTYTWY
HLA-B27:05,YHTEYREICAKTDEDTLYLNYHDYTWAVLAYEWY
HLA-B39:06,YYSEYRNICTNTDESNLYWTYNFYTWAVLTYTWY
HLA-C16:02,YYAGYREKYRQTDVNKLYLWYDSYTWAAQAYTWY
HLA-C16:01,YYAGYREKYRQTDVSNLYLWYDSYTWAAQAYTWY
HLA-B48:01,YYSEYREISTNTYESNLYLSYNYYSLAVLAYEWY
HLA-B37:01,YHSTYREISTNTYEDTLYIRSNFYTWAVDAYTWY
HLA-A25:01,YYAMYRNNVAHTDESIAYIRYQDYTWAEWAYRWY
HLA-A29:02,YTAMYLQNVAQTDANTLYIMYRDYTWAVLAYTWY
HLA-A29:01,YTAMYLQNVAQTDANTLYIMYRDYTWAVLAYTWY
HLA-B56:01,YYAEYRNIYAQTDESNLYWTYNLYTWAVLAYLWY
HLA-C03:03,YYAGYREKYRQTDVSNLYIRYDYYTWAELAYLWY
HLA-A31:01,YTAMYQENVAHIDVDTLYIMYQDYTWAVLAYTWY
HLA-C14:02,YSAGYREKYRQTDVSNLYLWFDSYTWAERAYTWY
HLA-B52:01,YYATYREISTNTYENIAYWTYNYYTWAELAYLWH
HLA-B40:01,YHTKYREISTNTYESNLYLRYNYYSLAVLAYEWY
HLA-C12:03,YYAGYREKYRQADVSNLYLWYDSYTWAEWAYTWY
HLA-B40:02,YHTKYREISTNTYESNLYLSYNYYTWAVLAYEWY
HLA-C08:01,YYAGYREKYRQTDVSNLYLRYNFYTWATLAYTWY
HLA-A33:01,YTAMYRNNVAHIDVDTLYIMYQDYTWAVLAYTWH
HLA-C02:02,YYAGYREKYRQTDVNKLYLRYDSYTWAEWAYEWY
HLA-B35:01,YYATYRNIFTNTYESNLYIRYDSYTWAVLAYLWY
HLA-B58:01,YYATYGENMASTYENIAYIRYDSYTWAVLAYLWY
HLA-B44:03,YYTKYREISTNTYENTAYIRYDDYTWAVLAYLSY
