allele,seq
DPB1*01:01,YGQFEYFPAYDIEKAVRVHLDVT
DPB1*02:01,FGQFEYFPDYDIEEAVRMHLGMT
DPB1*03:01,YLQFEYFPDYDLEKAVRVHLDVT
DPB1*04:01,FGQFEYFPAYDIEKAVRMHLGMT
DPB1*04:02,FGQFEYFPDYDIEKAVRMHLGMT
DPB1*05:01,FGQFEYFPEYDIEKAVRMHLDVT
DPB1*10:01,YLQFEYFPDYDIEEAVRVHLDVT
DPB1*11:01,YLQFEYFPAYDLERAVRMHLDVT
DPB1*13:01,YLQFEYFPAYDIEEAVRIHLDVT
DPB1*17:01,YLQFEYFPDYDIEEAVRMHLDVT
DQB1*02:01,YFGLSSFPAYDIRKAARVHLETT
DQB1*02:02,YFGLSSFPAYDIRKAARVHLETT
DQB1*03:01,YFAYTYYPDYEVRTAETVHLETT
DQB1*03:02,YFGLTYYPAYEVRTAETVHLETT
DQB1*03:03,YFGLTYYPDYEVRTAETVHLETT
DQB1*04:02,FFGGTYYLDYDIEDASTVHLETT
DQB1*05:01,YFGGTHYPVYEVGAASRVHVAGI
DQB1*05:02,YFGGTHYPSYEVGAASRVHVAGI
DQB1*05:03,YFGGTHYPDYEVGAASRVHVAGI
DQB1*06:01,LFAYTYYPDYDIRTAETVHVAGI
DQB1*06:02,FFGLTYYPDYEVGTAETVHVAGI
DQB1*06:03,YFGLTHYPDYEVGTAETVHVAGI
DQB1*06:04,YFGLTHYPVYEVRTAETVHVGGI
DQB1*06:09,YFGLTYYPVYEVRTAETVHVGGI
DRB1*01:01,WLFLECYPDYDLQRAATYHVGFT
DRB1*01:02,WLFLECYPDYDLQRAATYHAVFT
DRB1*01:03,WLFLECYPDYDIDEAATYHVGFT
DRB1*03:01,ESSYDYFPDYDLQKGRNYHVVFT
DRB1*04:01,EVHFDYYPDYDLQKAATYHVGFT
DRB1*04:02,EVHFDYYPDYDIDEAATYHVVFT
DRB1*04:03,EVHFDYYPDYDLQRAETYHVVFT
DRB1*04:04,EVHFDYYPDYDLQRAATYHVVFT
DRB1*04:05,EVHFDYYPSYDLQRAATYHVGFT
DRB1*04:07,EVHFDYYPDYDLQRAETYHVGFT
DRB1*04:08,EVHFDYYPDYDLQRAATYHVGFT
DRB1*07:01,WGYFELYPVSDIDRGQTVHVGFT
DRB1*08:01,ESGFDYYPSYDFDRALTYHVGFT
DRB1*08:02,ESGFDYYPDYDFDRALTYHVGFT
DRB1*08:03,ESGFDYYPSYDIDRALTYHVGFT
DRB1*08:04,ESGFDYYPDYDFDRALTYHVVFT
DRB1*09:01,KDFYHGYPVSDFRRAETVHVGFT
DRB1*10:01,EVFLERYPDYDLRRAATYHVGFT
DRB1*11:01,ESSFDYFPDYDFDRAATYHVGFT
DRB1*11:02,ESSFDYFPDYDIDEAATYHVVFT
DRB1*11:03,ESSFDYFPDYDFDEAATYHVVFT
DRB1*11:04,ESSFDYFPDYDFDRAATYHVVFT
DRB1*12:01,ESGLEHFPVSDIDRAATYHAVFT
DRB1*12:02,ESGLEHFPVSDFDRAATYHAVFT
DRB1*13:01,ESSFDYFPDYDIDEAATYHVVFT
DRB1*13:02,ESSFDYFPDYDIDEAATYHVGFT
DRB1*13:03,ESSFDYYPSYDIDKAATYHVGFT
DRB1*13:05,ESSFDYFPDYDFDRAATYHVGFT
DRB1*14:01,ESSFDYYPAHDLRRAETYHVVFT
DRB1*14:02,ESSFEYYPDYDLQRAATYHVGFT
DRB1*14:04,ESGFDYYPAHDLRRAETYHVVFT
DRB1*14:07,ESSFDYYPAHDLRRAETYHVGFT
DRB1*14:54,ESSFDYYPAHDLRRAETYHVVFT
DRB1*15:01,WPRFDYFPDYDIQAAATYHVVFT
DRB1*15:02,WPRFDYFPDYDIQAAATYHVGFT
DRB1*15:03,WPRFDHFPDYDIQAAATYHVVFT
DRB1*16:01,WPRFDYYPDYDFDRAATYHVGFT
DRB1*16:02,WPRFDYYPDYDLDRAATYHVGFT
